{
  "batchName": "",
  "batchTime": 1720699818,
  "boardConf": "nIR-C30M00-00",
  "boardCustom": "",
  "boardName": "BC2087",
  "boardOptions": 1281,
  "boardRev": "R3M1E3",
  "cameraData": [
    [
      0,
      {
        "cameraType": 0,
        "distortionCoeff": [
          3.2553460597991943,
          -2.4573545455932617,
          0.00024375430075451732,
          0.00030318248900584877,
          2.2984695434570312,
          3.2052032947540283,
          -2.402387857437134,
          2.33620548248291,
          0.0,
          0.0,
          0.0,
          0.0,
          -0.006059580482542515,
          0.0006590645643882453
        ],
        "extrinsics": {
          "rotationMatrix": [
            [
              0.0,
              0.0,
              0.0
            ],
            [
              0.0,
              0.0,
              0.0
            ],
            [
              0.0,
              0.0,
              0.0
            ]
          ],
          "specTranslation": {
            "x": -0.0,
            "y": -0.0,
            "z": -0.0
          },
          "toCameraSocket": -1,
          "translation": {
            "x": 0.0,
            "y": 0.0,
            "z": 0.0
          }
        },
        "height": 1200,
        "intrinsicMatrix": [
          [
            1136.2860107421875,
            0.0,
            939.7989501953125
          ],
          [
            0.0,
            1135.8873291015625,
            598.797119140625
          ],
          [
            0.0,
            0.0,
            1.0
          ]
        ],
        "lensPosition": 0,
        "specHfovDeg": 77.30000305175781,
        "width": 1920
      }
    ],
    [
      1,
      {
        "cameraType": 0,
        "distortionCoeff": [
          2.0725762844085693,
          -0.3595567047595978,
          -0.0007217329111881554,
          6.451965600717813e-05,
          0.8408926725387573,
          2.0264575481414795,
          -0.30495914816856384,
          0.8697265386581421,
          0.0,
          0.0,
          0.0,
          0.0,
          0.004476462956517935,
          0.0021248101256787777
        ],
        "extrinsics": {
          "rotationMatrix": [
            [
              0.9999985694885254,
              -0.00033165179775096476,
              -0.0016663497081026435
            ],
            [
              0.0003095695283263922,
              0.9999123811721802,
              -0.013234718702733517
            ],
            [
              0.0016705930465832353,
              0.013234184123575687,
              0.9999110102653503
            ]
          ],
          "specTranslation": {
            "x": -15.0,
            "y": 0.0,
            "z": 0.0
          },
          "toCameraSocket": 2,
          "translation": {
            "x": -15.008445739746094,
            "y": 0.02505912259221077,
            "z": -0.11170405149459839
          }
        },
        "height": 1200,
        "intrinsicMatrix": [
          [
            1138.1297607421875,
            0.0,
            945.3582153320312
          ],
          [
            0.0,
            1137.6796875,
            628.254638671875
          ],
          [
            0.0,
            0.0,
            1.0
          ]
        ],
        "lensPosition": 0,
        "specHfovDeg": 77.30000305175781,
        "width": 1920
      }
    ],
    [
      2,
      {
        "cameraType": 0,
        "distortionCoeff": [
          5.553067684173584,
          33.62472915649414,
          -0.0002776180626824498,
          0.00024078103888314217,
          -4.05492639541626,
          5.614373207092285,
          33.05693054199219,
          -2.9198927879333496,
          0.0,
          0.0,
          0.0,
          0.0,
          0.010062897577881813,
          0.0038887967821210623
        ],
        "extrinsics": {
          "rotationMatrix": [
            [
              0.9998255968093872,
              0.0009846989996731281,
              0.01864849217236042
            ],
            [
              -0.0013562687672674656,
              0.9998006224632263,
              0.019922766834497452
            ],
            [
              -0.018625156953930855,
              -0.019944583997130394,
              0.9996275901794434
            ]
          ],
          "specTranslation": {
            "x": 5.0,
            "y": 0.0,
            "z": 0.0
          },
          "toCameraSocket": 0,
          "translation": {
            "x": 5.035452842712402,
            "y": -0.01655481941998005,
            "z": -0.05803921818733215
          }
        },
        "height": 1200,
        "intrinsicMatrix": [
          [
            1142.1370849609375,
            0.0,
            937.136962890625
          ],
          [
            0.0,
            1141.665771484375,
            589.6302490234375
          ],
          [
            0.0,
            0.0,
            1.0
          ]
        ],
        "lensPosition": 0,
        "specHfovDeg": 77.30000305175781,
        "width": 1920
      }
    ]
  ],
  "deviceName": "",
  "hardwareConf": "F1-FV04-BC000",
  "housingExtrinsics": {
    "rotationMatrix": [
      [
        0.9998637437820435,
        -0.007704117801040411,
        -0.014597516506910324
      ],
      [
        0.00790022499859333,
        0.9998787045478821,
        0.0134245865046978
      ],
      [
        0.014492320828139782,
        -0.01353808119893074,
        0.9998033046722412
      ]
    ],
    "specTranslation": {
      "x": 0.0,
      "y": 0.0,
      "z": 0.0
    },
    "toCameraSocket": 0,
    "translation": {
      "x": 0.0,
      "y": 0.0,
      "z": 0.0
    }
  },
  "imuExtrinsics": {
    "rotationMatrix": [
      [
        0.0,
        0.0,
        0.0
      ],
      [
        0.0,
        0.0,
        0.0
      ],
      [
        0.0,
        0.0,
        0.0
      ]
    ],
    "specTranslation": {
      "x": 0.0,
      "y": 0.0,
      "z": 0.0
    },
    "toCameraSocket": -1,
    "translation": {
      "x": 0.0,
      "y": 0.0,
      "z": 0.0
    }
  },
  "miscellaneousData": [],
  "productName": "OAK-D-LR",
  "stereoEnableDistortionCorrection": true,
  "stereoRectificationData": {
    "leftCameraSocket": 1,
    "rectifiedRotationLeft": [
      [
        0.9999814033508301,
        -0.0019026194931939244,
        0.005797663237899542
      ],
      [
        0.0019409505184739828,
        0.9999762773513794,
        -0.006613013334572315
      ],
      [
        -0.005784943699836731,
        0.0066241431050002575,
        0.9999613165855408
      ]
    ],
    "rectifiedRotationRight": [
      [
        0.9999709129333496,
        -0.0016696194652467966,
        0.007442529778927565
      ],
      [
        0.001620323397219181,
        0.9999767541885376,
        0.006624686997383833
      ],
      [
        -0.007453417405486107,
        -0.006612434983253479,
        0.9999503493309021
      ]
    ],
    "rightCameraSocket": 2
  },
  "stereoUseSpecTranslation": false,
  "version": 7,
  "verticalCameraSocket": -1
}